{
    "version": "https://jsonfeed.org/version/1",
    "title": "mago-hcm",
    "description": "",
    "home_page_url": "https://MostafaAbdelazim16/HR-blogger",
    "feed_url": "https://MostafaAbdelazim16/HR-blogger/feed.json",
    "user_comment": "",
    "author": {
        "name": "HCM"
    },
    "items": [
        {
            "id": "https://MostafaAbdelazim16/HR-blogger/performance-appraisal-in-human-resources/",
            "url": "https://MostafaAbdelazim16/HR-blogger/performance-appraisal-in-human-resources/",
            "title": "تقييم الأداء في الموارد البشرية: دليل شامل لتحسين الأداء وتطوير الموظفين",
            "summary": "مقدمة تعد عملية تقييم الأداء في الموارد البشرية أداة حيوية تساهم في تحسين أداء الموظفين وتطويرهم. إن تقييم الأداء يساعد على تحديد القوى والضعف، وتوجيه جهود التطوير، وتعزيز الفعالية العامة للمؤسسة. في هذا المقال، سنستعرض دليلًا شاملاً لتقييم الأداء في الموارد البشرية. تقدم عملية تقييم&hellip;",
            "content_html": "<h2>مقدمة</h2>\n<p>تعد عملية<a href=\"https://magohcm.com/%d8%aa%d9%82%d9%8a%d9%8a%d9%85-%d8%a7%d9%84%d8%a7%d8%af%d8%a7%d8%a1-%d9%81%d9%8a-%d8%a7%d9%84%d9%85%d9%88%d8%a7%d8%b1%d8%af-%d8%a7%d9%84%d8%a8%d8%b4%d8%b1%d9%8a%d8%a9/\" target=\"null\" rel=\"sponsored\"> تقييم الأداء في الموارد البشرية</a> أداة حيوية تساهم في تحسين أداء الموظفين وتطويرهم. إن تقييم الأداء يساعد على تحديد القوى والضعف، وتوجيه جهود التطوير، وتعزيز الفعالية العامة للمؤسسة. في هذا المقال، سنستعرض دليلًا شاملاً لتقييم الأداء في الموارد البشرية.</p>\n<h2>أهمية تقييم الأداء</h2>\n<p>تقدم عملية تقييم الأداء فرصة لتقييم أداء الموظفين بشكل منصف وموضوعي. من خلال تحليل الأداء وتحديد الفجوات، يمكن تطوير خطط تدريب محددة تساهم في تحسين مهارات الموظفين وزيادة إنتاجيتهم.</p>\n<h2>خطوات تقييم الأداء</h2>\n<h3>تحديد المعايير</h3>\n<p>قبل بدء عملية التقييم، يجب تحديد المعايير المحددة التي سيتم قياس أداء الموظفين بناءً عليها. يمكن أن تشمل هذه المعايير الكفاءة، والجودة، والتفوق في العمل.</p>\n<h3>تجميع المعلومات</h3>\n<p>يتضمن هذا الخطوة جمع المعلومات ذات الصلة حول أداء الموظفين. يمكن أن تكون هذه المعلومات مشاهدات المشرفين، وتقارير الأداء، وتقييم زملائهم.</p>\n<p>إقرا ايضاً | <a href=\"https://magohcm.com/%d9%85%d8%a4%d8%b4%d8%b1%d8%a7%d8%aa-%d9%82%d9%8a%d8%a7%d8%b3-%d8%a7%d9%84%d8%a3%d8%af%d8%a7%d8%a1-%d9%84%d9%84%d9%85%d9%88%d8%b8%d9%81%d9%8a%d9%86/\" rel=\"sponsored\">مؤشرات قياس الأداء للموظفين</a></p>\n<h3>تقييم الأداء</h3>\n<p>باستخدام المعايير المحددة، يقوم المشرفون بتقييم أداء الموظفين وتحديد القوى والضعف. يجب أن يكون هذا التقييم موضوعيًا وعادلًا.</p>\n<h3>وضع خطط التطوير</h3>\n<p>بناءً على نتائج التقييم، يتم وضع خطط تطوير مخصصة لكل موظف. هذه الخطط يجب أن تهدف إلى تحسين المهارات وتعزيز أداء الموظفين.</p>\n<h2>استراتيجيات تقييم الأداء</h2>\n<h3>تقييم متعدد الجوانب</h3>\n<p>تقييم الأداء يجب أن يشمل جوانب متعددة من أداء الموظف، مثل الأداء في المهام، والقيادة، والتعاون مع الزملاء.</p>\n<h3>ربط تقييم الأداء بأهداف الشركة</h3>\n<p>يمكن ربط تقييم الأداء بأهداف الشركة العامة. هذا يساهم في تحفيز الموظفين لتحقيق الأهداف الاستراتيجية للمؤسسة.</p>\n<h3>توفير ردود فعل فورية</h3>\n<p>بعد انتهاء عملية التقييم، يجب تزويد الموظفين بردود فعل فورية وبناءة حول أدائهم. هذا يساعد على تحسين الأداء بشكل سريع.</p>\n<p>إقرا أيضاً | <a href=\"https://MostafaAbdelazim16/HR-blogger/payroll-manager/\" rel=\"sponsored\">مسير الرواتب</a></p>\n<p><a href=\"https://MostafaAbdelazim16/HR-blogger/generation-of-attendance-and-departure-of-employees/\" rel=\"sponsored\">برنامج تسجيل الحضور و الانصراف</a></p>\n<h2>فوائد تقييم الأداء</h2>\n<h3>تحسين الأداء</h3>\n<p>تقييم الأداء يوجه جهود التطوير ويساهم في تحسين مهارات الموظفين وزيادة فعاليتهم.</p>\n<h3>تعزيز التطوير المهني</h3>\n<p>تقديم خطط تطوير مخصصة يساعد الموظفين على تطوير مهاراتهم وتحقيق تقدم مهني.</p>\n<h3>تعزيز التواصل</h3>\n<p>عملية تقييم الأداء تسهم في تعزيز التواصل بين الموظفين والمشرفين من خلال مناقشة أداء الموظف وتحديد نقاط التحسين.</p>\n<h2>الاستنتاج</h2>\n<p>تقييم الأداء في الموارد البشرية يمثل أداة أساسية لتحسين الأداء وتطوير الموظفين. من خلال تبني الإجراءات المناسبة والاستراتيجيات الفعالة، يمكن للمؤسسات تحقيق أفضل النت</p>",
            "image": "https://MostafaAbdelazim16/HR-blogger/media/posts/3/fda225a816692f951757c0fb0d83ad25eb76a2fb-2.webp",
            "author": {
                "name": "HCM"
            },
            "tags": [
            ],
            "date_published": "2023-08-20T14:46:56+03:00",
            "date_modified": "2023-08-20T15:18:24+03:00"
        },
        {
            "id": "https://MostafaAbdelazim16/HR-blogger/payroll-manager/",
            "url": "https://MostafaAbdelazim16/HR-blogger/payroll-manager/",
            "title": "مسير الرواتب: دليل شامل لإدارة الرواتب بكفاءة",
            "summary": "يُعد مسير الرواتب أحد أهم عناصر إدارة الموارد البشرية في أي منظمة. إن إدارة الرواتب بكفاءة تسهم في تحفيز الموظفين وتعزيز أدائهم، بالإضافة إلى تحقيق توازن بين متطلبات الموظفين واحتياجات الشركة. في هذا المقال، سنستعرض دليلًا شاملاً لإدارة الرواتب بكفاءة. أحد أهم الخطوات في مسير&hellip;",
            "content_html": "<p>يُعد <a href=\"https://magohcm.com/%D8%AF%D9%84%D9%8A%D9%84%D9%83-%D8%A7%D9%84%D9%83%D8%A7%D9%85%D9%84-%D8%B9%D9%86-%D9%85%D8%B3%D9%8A%D8%B1-%D8%A7%D9%84%D8%B1%D9%88%D8%A7%D8%AA%D8%A8/\" target=\"_blank\" rel=\"sponsored noopener noreferrer\">مسير الرواتب</a> أحد أهم عناصر إدارة الموارد البشرية في أي منظمة. إن إدارة الرواتب بكفاءة تسهم في تحفيز الموظفين وتعزيز أدائهم، بالإضافة إلى تحقيق توازن بين متطلبات الموظفين واحتياجات الشركة. في هذا المقال، سنستعرض دليلًا شاملاً لإدارة الرواتب بكفاءة.</p>\n<h2>مكونات إعداد مسير الرواتب</h2>\n<h3>تحديد المتغيرات المالية</h3>\n<p>أحد أهم الخطوات في مسير الرواتب هو تحديد المتغيرات المالية المؤثرة في تحديد رواتب الموظفين. يجب مراعاة الأجور الأساسية، والبدلات، والحوافز، والزيادات السنوية المتوقعة.</p>\n<p>إقرا أيضاً |<a href=\"https://magohcm.com/%d9%83%d9%8a%d9%81-%d9%8a%d9%88%d9%81%d8%b1-%d9%85%d8%b3%d9%8a%d8%b1-%d8%a7%d9%84%d8%b1%d9%88%d8%a7%d8%aa%d8%a8-%d8%a7%d9%84%d9%88%d9%82%d8%aa-%d9%88%d8%a7%d9%84%d8%ac%d9%87%d8%af/\" target=\"_blank\" rel=\"sponsored noopener noreferrer\"> كيف يوفر مسير الرواتب الوقت والجهد في ماجو</a></p>\n<h3>تصنيف الوظائف</h3>\n<p>يجب تصنيف الوظائف في المنظمة بناءً على متطلباتها ومستويات المهارات المختلفة. هذا يساعد في تحديد الرواتب بشكل عادل ومنصف لجميع الموظفين.</p>\n<h3>وضع سياسات الرواتب</h3>\n<p>ينبغي وضع سياسات وإجراءات واضحة تتعلق بإدارة الرواتب، مثل طرق حساب الزيادات والمكافآت، والتعامل مع الاستثناءات والقضايا المتعلقة بالرواتب.</p>\n<h3>تقديم الحوافز</h3>\n<p>تقديم حوافز إضافية تعزز من أداء الموظفين وتشجعهم على تحقيق أهدافهم. يمكن أن تكون الحوافز مالية أو غير مالية، مثل تقديم تدريبات تطويرية أو إمكانية الترقية.</p>\n<h2>إدارة مسير الرواتب بكفاءة</h2>\n<h3>استخدام نظام إدارة متكامل</h3>\n<p>يسهل نظام إدارة متكامل (HRIS) تنفيذ مسير الرواتب بكفاءة. يسمح هذا النظام بتخزين وتحديث بيانات الموظفين، وحساب الرواتب بشكل دقيق وآلي.</p>\n<p>إقرا أيضاً | <a href=\"https://magohcm.com/%d9%85%d8%b3%d9%8a%d8%b1-%d8%b1%d9%88%d8%a7%d8%aa%d8%a8-%d9%85%d8%a7%d8%ac%d9%88-%d9%8a%d8%af%d8%b9%d9%85-%d8%a7%d9%84%d8%aa%d9%83%d8%a7%d9%85%d9%84-%d9%85%d8%b9-%d8%a7%d9%84%d9%85%d9%86%d8%b5%d8%a7/\" rel=\"sponsored\">مسير رواتب ماجو يدعم التكامل مع المنصات الحكومية</a> </p>\n<h3>متابعة التشريعات والتعديلات القانونية</h3>\n<p>تتغير التشريعات واللوائح المتعلقة بالرواتب باستمرار. لذا يجب متابعة هذه التغييرات والتأكد من تطبيقها بشكل صحيح لضمان الامتثال القانوني.</p>\n<h3>تقديم تقارير وتحليلات</h3>\n<p>يجب تقديم تقارير دورية توضح تفاصيل مسير الرواتب، مثل تكلفة الرواتب الإجمالية، والزيادات السنوية، والانحرافات عن الميزانية المخططة.</p>\n<h2>استفادة المؤسسة من مسير الرواتب</h2>\n<h3>تعزيز رضا الموظفين</h3>\n<p>بفضل إدارة الرواتب بشكل دقيق وعادل، يشعر الموظفون بالتقدير والاهتمام من قِبَل الشركة، مما يزيد من رضاهم والتزامهم.</p>\n<h3>تحسين الأداء والإنتاجية</h3>\n<p>يمكن أن تؤثر مكافآت الأداء والحوافز الإيجابية على أداء الموظفين وزيادة إنتاجيتهم والارتقاء بمستوى العمل.</p>\n<h3>تحقيق توازن التكاليف</h3>\n<p>بفضل تطبيق سياسات الرواتب المناسبة، يمكن تحقيق توازن بين تلبية احتياجات الموظفين والمحافظة على استدامة مالية للشركة.</p>\n<p><a href=\"https://MostafaAbdelazim16/HR-blogger/generation-of-attendance-and-departure-of-employees/\" rel=\"sponsored\"></a><a href=\"https://MostafaAbdelazim16/HR-blogger/generation-of-attendance-and-departure-of-employees/\" target=\"_blank\" rel=\"sponsored noopener noreferrer\">برنامج تسجيل الحضور والانصراف</a></p>\n<h2>الاستنتاج</h2>\n<p>إدارة الرواتب تمثل عملية حساسة تتطلب دقة واهتمامًا بالتفاصيل. بواسطة تحديد المتغيرات المالية، ووضع السياسات، واستخدام نظام إدارة متكامل، يمكن للشركات تحقيق إدارة فعالة للرواتب تؤثر إيجابيًا على الأداء والتطور المستدام.</p>\n<h2>الأسئلة الشائعة</h2>\n<h3>1. هل يمكن تطبيق نظام إدارة متكامل على المؤسسات الصغيرة؟</h3>\n<p>نعم، يمكن استخدام نظام <a href=\"https://magohcm.com/\" rel=\"sponsored\">إدارة ماجو لادارة الموارد البشرية</a>  المتكامل بغض النظر عن حجم المؤسسة، وذلك لتحقيق الفعالية والتنظيم.</p>\n<h3>2. كيف يمكن التعامل مع انحرافات الرواتب عن الميزانية المخططة؟</h3>\n<p>يجب تحليل أسباب الانحرافات واتخاذ إجراءات تصحيحية، سواء من خلال تقليل الإنفاق أو ضبط سياسات الرواتب.</p>\n<h3>3. هل يؤثر تقديم الحوافز الغير مالية على أداء الموظفين؟</h3>\n<p>نعم، تقديم الحوافز الغير مالية مثل تطوير المهارات يمكن أن يحسن من رضا وأداء الموظفين.</p>\n<h3>4. كيف يمكن التأكد من التزام الشركات بالتشريعات القانونية المتعلقة بالرواتب؟</h3>\n<p>يجب أن تكون هناك فرق قانوني مختص يتابع التشريعات ويتأكد من تطبيقها بشكل صحيح داخل المؤسسة.</p>",
            "image": "https://MostafaAbdelazim16/HR-blogger/media/posts/2/financial-autonomy-2.jpg",
            "author": {
                "name": "HCM"
            },
            "tags": [
            ],
            "date_published": "2023-08-20T14:38:38+03:00",
            "date_modified": "2023-08-20T15:19:15+03:00"
        },
        {
            "id": "https://MostafaAbdelazim16/HR-blogger/generation-of-attendance-and-departure-of-employees/",
            "url": "https://MostafaAbdelazim16/HR-blogger/generation-of-attendance-and-departure-of-employees/",
            "title": "برنامج تسجيل حضور وانصراف الموظفين: الحل الذكي لإدارة الوقت والحضور",
            "summary": "في عالم الأعمال الحديث، يُعتبر تسجيل حضور وانصراف الموظفين أمرًا ضروريًا لضمان فعالية وسلاسة سير العمل. تقديرًا لأهمية إدارة الوقت وتحقيق الحضور الدقيق، يأتي برنامج تسجيل حضور وانصراف الموظفين كحلاً ذكيًا يعزز الكفاءة ويوفر الجهد والوقت. بفضل هذا البرنامج، لن تكون هناك حاجة للإعتماد على&hellip;",
            "content_html": "<p>في عالم الأعمال الحديث، يُعتبر تسجيل<a href=\"https://magohcm.com/%D9%86%D8%B8%D8%A7%D9%85-%D8%A7%D9%84%D8%AD%D8%B6%D9%88%D8%B1-%D9%88%D8%A7%D9%84%D8%A7%D9%86%D8%B5%D8%B1%D8%A7%D9%81-%D9%84%D9%84%D9%85%D9%88%D8%B8%D9%81%D9%8A%D9%86/\" target=\"_blank\" rel=\"sponsored noopener noreferrer\"> حضور وانصراف الموظفين</a> أمرًا ضروريًا لضمان فعالية وسلاسة سير العمل. تقديرًا لأهمية إدارة الوقت وتحقيق الحضور الدقيق، يأتي برنامج تسجيل حضور وانصراف الموظفين كحلاً ذكيًا يعزز الكفاءة ويوفر الجهد والوقت.</p>\n<h2>مزايا برنامج تسجيل حضور وانصراف الموظفين</h2>\n<h3>توفير الوقت والجهد</h3>\n<p><br>بفضل هذا البرنامج، لن تكون هناك حاجة للإعتماد على العمليات اليدوية المعقدة لتسجيل حضور وانصراف الموظفين. يقدم البرنامج واجهة سهلة الاستخدام تمكن الموظفين من تسجيل حضورهم وانصرافهم بسرعة ويسر، مما يساهم في توجيه الجهود إلى مهام أكثر قيمة.</p>\n<p>إقرا أيضاً  |<a href=\"https://magohcm.com/%D9%86%D8%B8%D8%A7%D9%85-%D8%A7%D9%84%D8%AD%D8%B6%D9%88%D8%B1-%D9%88%D8%A7%D9%84%D8%A7%D9%86%D8%B5%D8%B1%D8%A7%D9%81-%D9%84%D9%84%D9%85%D9%88%D8%B8%D9%81%D9%8A%D9%86/\" target=\"_blank\" rel=\"sponsored noopener noreferrer\">بصمة الدوام عن طريق الهاتف</a></p>\n<h3>دقة عالية</h3>\n<p><br>بفضل تقنيات التسجيل الإلكتروني، يتم تحقيق دقة عالية في تسجيل حضور وانصراف الموظفين. لن يكون هناك مجال للأخطاء البشرية التي قد تؤثر على تقدير الوقت والرواتب بشكل غير دقيق.</p>\n<h3>تقارير تحليلية</h3>\n<p><br>يوفر البرنامج تقارير وتحاليل مفصلة حول حضور وانصراف الموظفين، مما يمكن الإدارة من مراقبة أوقات الحضور والانصراف وتحديد الاتجاهات الزمنية والأنماط.</p>\n<h3>سهولة الإدارة</h3>\n<p><br>من خلال لوحة التحكم الخاصة بالبرنامج، يمكن للإدارة إدارة جميع بيانات الموظفين، وضبط إعدادات الحضور والانصراف، وتوليد تقارير مخصصة، مما يسهل عملية التخطيط والإدارة.</p>\n<h2>كيفية استخدام برنامج تسجيل حضور وانصراف الموظفين</h2>\n<p><br>خطوة 1: تثبيت البرنامج<br>بعد شراء البرنامج المناسب، يجب تثبيته على أجهزة الحاسوب أو الأجهزة الذكية المستخدمة في مكان العمل.<br><br>خطوة 2: إعداد البيانات<br>يجب إدخال بيانات جميع الموظفين في قاعدة البيانات الخاصة بالبرنامج، مع تحديد أوقات الحضور والانصراف المعتادة لكل موظف.<br><br>خطوة 3: تسجيل الحضور والانصراف<br>يستطيع الموظفون تسجيل حضورهم وانصرافهم عن طريق برنامج <a href=\"https://magohcm.com/\" target=\"_blank\" rel=\"sponsored noopener noreferrer\">ماجو للادارة الموارد البشرية </a>، سواءً عن طريق البصمة الإلكترونية أو الرمز السري.<br><br>خطوة 4: مراقبة البيانات<br>يمكن للإدارة مراقبة بيانات الحضور والانصراف عبر اللوحة الإدارية، والتحقق من التقارير والتحاليل المقدمة من البرنامج.<br><br>الختام<br>برنامج تسجيل حضور وانصراف الموظفين هو الحلاق الذكي الذي يحقق التوازن بين إدارة الوقت، وتحقيق الدقة، وزيادة الكفاءة. من خلال الاستفادة من التكنولوجيا في تسجيل الحضور والانصراف، يمكن للشركات تحسين إدارتها وتحقيق النجاح.</p>\n<h2><br>الأسئلة الشائعة</h2>\n<p><br>1. هل يمكنني استخدام البرنامج على أجهزة متعددة؟<br>نعم، يمكن تثبيت البرنامج على عدة أجهزة حسب احتياجاتك.<br><br>2. هل يتطلب البرنامج مهارات فنية خاصة للتشغيل؟<br>لا، فإن واجهة البرنامج سهلة الاستخدام وتتيح للمستخدمين بمختلف المستويات استخدامه بسهولة.<br><br>3. هل يمكنني تخصيص تقارير البرنامج وفقًا لاحتياجاتي؟<br>نعم، يمكنك توليد تقارير مخصصة تعكس احتياجات شركتك ومتطلباتها الفريدة.<br><br>4. هل يمكن للموظفين تعديل بياناتهم في البرنامج؟<br>نعم، يمكن للموظفين تحديث بعض بياناتهم مثل معلومات الاتصال وبيانات الحساب.<br><br>5. كيف يتم تأمين بيانات الحضور والانصراف من الاختراق؟<br>يتم توفير آليات أمان متقدمة تضمن سرية وأمان بيانات الحضور والانصراف، بما في ذلك تقنيات التشفير والحماية المتقدمة.</p>",
            "image": "https://MostafaAbdelazim16/HR-blogger/media/posts/1/DyDaS9DU8AAuAA-.jfif",
            "author": {
                "name": "HCM"
            },
            "tags": [
            ],
            "date_published": "2023-08-20T14:27:22+03:00",
            "date_modified": "2023-08-20T15:19:42+03:00"
        }
    ]
}
